1.496528003295232723e-01,3.303993445632094628e-02,7.361893342258688522e-01,4.101269175806084633e+00
2.969936589225754542e-01,4.134504156271648356e-02,6.720492899073660098e-01,4.023067744916770216e+00
3.344527757921769151e-01,3.782952532587713357e-02,6.891637834666854978e-01,5.947079022903949408e-01
3.259647279101189898e-01,3.324105065654450047e-02,6.918345147071314205e-01,2.284865143958015210e+00
2.176959951211233091e-01,3.163926681225280590e-02,7.687143893075548684e-01,3.030259765919764980e+00
4.627750939853117473e-01,3.879451182425115024e-02,6.902268779811171484e-01,4.288875150519889878e+00
3.152491455381827290e-01,5.014693694254616224e-02,7.782999281485100118e-01,4.467502695245199718e+00
4.081056471127131879e-01,3.550389730273233874e-02,7.103049890924897358e-01,1.492665680728384903e+00
2.711702365523204206e-01,5.044923310116865289e-02,7.770641955706942827e-01,1.738023164819459954e+00
4.299013732034294155e-01,3.288995932046277076e-02,6.664351710709370824e-01,4.471299994199069872e+00
4.533459819676914360e-01,3.300916958093362552e-02,7.570204022543878253e-01,3.997556647709569866e+00
2.301330126665812326e-01,5.033491196505398418e-02,7.605536858344265072e-01,2.556052107103170101e+00
1.386207575715286966e-01,4.043546418198851189e-02,7.562436504776216539e-01,1.169148947505745051e+00
1.662543072118049525e-01,5.168863166746916205e-02,7.477939564325846167e-01,3.449468242723959577e+00
3.359760514963930911e-01,4.370471262947143998e-02,6.602745583395194240e-01,2.540762619194574690e+00
4.097912988011770397e-01,5.079704815149818642e-02,7.943100395692419546e-01,9.218158457148800666e-01
4.466539531570719590e-01,4.817585817113426150e-02,7.909273074054717911e-01,1.694094001969790098e+00
2.801612175618389822e-01,3.820558815512062334e-02,6.869141588264146003e-01,3.689572590363679794e+00
2.075318316243869032e-01,4.476110555897838683e-02,6.674544226732384011e-01,1.016074839346110092e+00
1.780978725365922610e-01,5.252687227936555375e-02,7.865487683899421434e-01,1.260997480405494864e+00
3.683795459196951283e-01,3.421428289962186869e-02,7.057701176024787637e-01,4.176108922327404827e+00
3.239686678064008785e-01,5.011097156185982671e-02,7.304138955604472239e-01,7.444134482205849723e-01
4.077980370147992750e-01,4.828164173053112185e-02,6.863576728603804078e-01,3.258773118569515237e+00
2.748096662937479229e-01,3.253165951824979474e-02,6.953560680786333714e-01,1.486526071019469875e+00
4.378271351260922817e-01,3.833437479194532621e-02,7.420970242033899655e-01,4.457444393658079873e-01
1.323656131705966688e-01,4.467577027826615671e-02,7.215787989891599974e-01,2.150089427817145182e+00
3.048228730939094855e-01,3.455852188981185791e-02,7.764103478601575015e-01,2.974029621772935172e+00
4.263849078380503865e-01,5.060105507360723731e-02,7.905661324023733894e-01,4.566792642867659957e+00
3.281818275488868064e-01,4.520047712028212039e-02,6.823639741870481945e-01,2.638904093389864869e+00
3.355584167452342892e-01,4.167629515365323806e-02,7.354302804416884554e-01,1.207269995084500058e+00
3.031488123586540961e-01,3.886227573410514641e-02,7.234212218296994790e-01,2.926387908400500226e+00
2.162577876902979090e-01,4.805266829116829064e-02,7.044389637942611859e-01,3.358621846162714863e+00
4.594808532167740656e-01,3.270842688152240246e-02,6.826234744795319775e-01,2.844970686463639709e+00
2.224716771383863922e-01,4.295053309407411563e-02,6.631429027113970864e-01,4.147139603872784797e+00
2.607775081576779730e-01,5.164579295504885537e-02,7.001625744863506640e-01,9.960164556885149345e-01
2.696184752306434174e-01,3.394650746148451109e-02,8.042155746051854459e-01,4.326918576096650426e+00
3.074633418971718934e-01,4.913242921031359817e-02,7.224819365917518610e-01,4.277113946662284505e+00
2.409018506198516152e-01,4.452268315325258463e-02,7.624257759895735065e-01,1.685843771973160043e+00
2.363929035077290686e-01,4.611377319845184897e-02,7.400600967106689687e-01,3.825578237688169736e+00
4.330814824434509602e-01,4.529426180244609801e-02,6.760820012523979239e-01,1.636556070388759832e+00
2.102472619315143565e-01,4.691478289609170294e-02,7.268436446611397095e-01,5.442882957658750076e-01
4.469088041156857316e-01,4.986146203425293605e-02,7.858324345330521821e-01,3.766012961110099866e+00
1.739549031714629213e-01,3.361487499234732529e-02,7.076859235398379466e-01,3.120987630626185450e+00
3.846928553469479706e-01,3.239306281233857859e-02,7.238246846997179462e-01,2.876715549798680271e+00
4.671135707697971484e-01,4.311939187565818482e-02,7.610497507757599811e-01,1.725856144330465192e+00
3.725954052379540360e-01,3.183525927765713109e-02,7.993330444943718138e-01,2.203089182449040173e+00
2.842675353308768971e-01,4.413407794951042240e-02,6.964063278455753236e-01,3.095596137680114879e+00
1.400542720783735373e-01,4.759030071252212668e-02,7.470190943680423690e-01,6.722952540032549607e-01
2.294158525480471666e-01,4.966063113613052721e-02,6.885538298967947002e-01,2.429692702447065145e+00
3.909331290871135844e-01,4.139356717876065128e-02,6.599213912805635962e-01,1.873209894562605005e+00
3.704478302698024916e-01,5.207926096808304650e-02,7.871058757833205854e-01,2.580322979472109868e+00
1.546962954079965924e-01,3.864068323808628885e-02,7.896108092212583696e-01,2.392379067596049680e+00
3.311105855958070832e-01,4.333005183901731533e-02,7.590034807446133236e-01,3.372428969165774948e+00
1.958319425966030813e-01,5.005754709726152607e-02,6.815028332203906247e-01,4.337170222061685010e+00
2.006981851173424980e-01,3.014938526825932871e-02,6.686047153680585442e-01,5.723375854082399794e-01
1.224926148106532386e-01,5.321069040993275934e-02,7.358170377990695954e-01,8.058744460204601001e-01
2.461476794612080798e-01,3.693480523435725693e-02,7.372048739424998942e-01,4.494678580590989903e+00
1.721541800666412936e-01,4.391555683748098182e-02,7.152685989682935341e-01,1.193714742136654960e+00
1.504846471044931633e-01,3.352998479739482951e-02,7.182456050659623559e-01,2.058841423275880267e+00
4.305646494342618147e-01,3.842766243906131640e-02,7.201161219760217058e-01,3.916451869490554571e+00
1.989779369136459308e-01,4.079668450362748666e-02,7.966768246516120477e-01,2.988550813992040034e+00
2.546985351727159008e-01,4.736665014698588499e-02,7.703624367775487869e-01,4.581483720014805527e+00
1.771156085228455801e-01,3.765332383716293169e-02,8.028436952258553028e-01,1.671923693343994932e+00
3.202876368895126724e-01,3.998039379570727386e-02,6.768776291502081044e-01,9.568761420412899010e-01
2.887761564034037054e-01,4.766682582692940984e-02,6.577637796170358042e-01,3.384841937553135338e+00
1.886814647949905388e-01,3.393126855823538207e-02,7.523947443632408305e-01,2.021507354900240028e+00
3.995490547991080166e-01,4.003908586074458181e-02,7.776790001930296015e-01,4.303514595131854747e+00
4.423477801123633646e-01,3.731568879451881149e-02,7.914208754954487057e-01,3.547062627596315298e+00
1.408107076883965969e-01,3.681933358479384105e-02,8.010700106790755726e-01,3.539197850381024857e+00
2.540266382516594978e-01,5.227433548370377658e-02,7.586686471807304599e-01,3.162234327860640182e+00
1.181455965528590002e-01,3.386501652329043655e-02,7.638355969664827327e-01,6.468205885961650914e-01
1.432450736458555363e-01,4.568974854037724520e-02,6.704292107854691318e-01,1.629054530393329925e+00
2.396860697896919523e-01,3.229435099698464012e-02,7.668826411290745604e-01,3.617860772483980192e+00
3.587955401189673044e-01,3.331489515370222865e-02,6.930622894567065595e-01,1.380745439568999977e+00
3.814963612359345002e-01,4.890083840104471335e-02,6.639770910688489458e-01,1.313751402550844993e+00
1.418206862503478549e-01,3.689801573780551042e-02,7.090769464995340110e-01,3.841893838096874791e+00
4.385814847731124289e-01,5.021204292277899051e-02,6.569488507133908195e-01,7.153102484624850321e-01
4.151217021089746440e-01,3.182984287355932612e-02,7.678404664683806669e-01,3.292232891297899755e+00
3.458667341880129475e-01,3.563324964752515034e-02,6.654416687195188196e-01,3.431477892561814791e+00
3.574363914964767686e-01,4.480093800252582525e-02,7.655260035579558586e-01,6.015551224141399977e-01
3.407806901061442573e-01,4.420477611699794029e-02,7.252160019704979588e-01,2.335398944264745147e+00
2.500835134871072230e-01,2.965202873119805044e-02,7.881979026808030309e-01,7.959574393066599640e-01
4.501750609807668169e-01,3.827024590199206572e-02,7.047261206196621108e-01,2.538411826156079965e+00
4.237249072120151117e-01,3.645054392921131398e-02,7.433475530234537887e-01,1.341330173013265181e+00
3.947869250886143488e-01,3.632888776515191126e-02,6.557899670915212642e-01,1.552453995172400125e+00
2.489634895726850761e-01,4.626825339019018102e-02,6.907508836459741453e-01,3.899128215119709751e+00
1.914898097698996549e-01,5.191887083174846762e-02,7.843489859769772199e-01,2.627907626277299791e+00
3.218452311678602906e-01,4.353135600137013339e-02,6.988838023127244004e-01,3.928262776699850356e+00
2.038288703566974169e-01,3.277938109519705490e-02,7.014675750454235637e-01,1.183811942071189893e+00
4.574424514901778149e-01,4.356213170360727360e-02,7.118768461848236084e-01,1.128098547514529981e+00
3.485471205069867739e-01,5.170747537119687459e-02,7.196314775461517543e-01,2.476299889008514832e+00
3.387914770758150840e-01,4.035495754615265468e-02,7.945566813571565135e-01,3.813475764761680153e+00
4.550463922811953665e-01,3.316030135765905829e-02,7.875299616955220294e-01,1.566399325130040099e+00
4.027893886045367244e-01,4.652880464146332690e-02,7.960713899280783545e-01,4.097233759867960345e-01
1.930985019023854499e-01,4.761117335707787390e-02,6.876870014064199177e-01,1.231276200821159961e+00
2.641689146017607293e-01,5.263233041708405280e-02,7.582278748618532793e-01,4.433380035711450340e+00
3.065092499911553636e-01,4.965112491663313532e-02,7.883880539678596033e-01,7.380846549081599983e-01
2.761759799705910678e-01,4.344679128344169916e-02,7.330149188412167227e-01,8.507548570446650249e-01
3.984473782956275967e-01,3.201140235253609884e-02,7.541626573443971360e-01,1.868224176708610074e+00
2.264900494890334515e-01,3.991590580007758904e-02,7.220801823771372252e-01,3.154492476442830040e-01
1.599024945743288684e-01,3.213124254578259009e-02,7.600908173816278701e-01,3.515727513812014760e+00
3.295728865163261023e-01,5.283006169184344125e-02,7.365138821548689041e-01,3.708649416707920032e+00
3.616721149806815805e-01,3.417712380117223642e-02,8.071009180464129296e-01,3.332728283884934584e+00
3.232992525160358066e-01,2.935523994721192867e-02,7.351852389907650442e-01,1.592339250075165191e+00
2.727448824792542137e-01,3.003061788505083027e-02,6.932950962272100837e-01,3.151633214091415169e+00
3.226942225217818150e-01,3.922570662388111945e-02,7.764839177818038118e-01,7.835031667514700260e-01
1.285205728477101239e-01,4.867607539560598467e-02,7.629456121581700279e-01,1.360116581730544949e+00
1.354559582557855468e-01,3.895320561809698101e-02,7.204600715378672859e-01,6.256912056752500506e-01
4.433824783909785516e-01,3.813574683477589933e-02,6.678069213048369868e-01,2.917929299355019879e+00
2.290571690440084407e-01,3.574301397799002633e-02,6.605596303435322669e-01,3.638705296691040036e+00
2.614974973060981700e-01,4.272132208121613012e-02,6.729953491236082552e-01,2.230558938453905071e+00
2.055742326161917322e-01,3.007625922793941836e-02,7.328030101352931425e-01,1.926285474188625058e+00
3.686960231881123984e-01,4.680456312384548290e-02,7.899875745226814239e-01,3.499046808693094590e+00
2.792002327814280260e-01,5.325150565199926467e-02,8.022348243864625417e-01,4.364699716651809780e+00
4.253379283934041188e-01,4.604777771345061610e-02,7.385929937214030794e-01,2.805245351656340258e+00
4.538380382519356937e-01,3.967029848978809170e-02,7.500966155897267340e-01,3.723754853205755389e+00
2.676459846349900640e-01,3.677914318547070849e-02,7.568212944362497918e-01,6.612804272421650698e-01
1.038160451818536945e-01,4.097612306278153316e-02,7.195285583936517071e-01,2.959946282939054818e+00
4.008465764283947741e-01,4.746650738492653315e-02,6.672550543323904071e-01,2.514466872306075018e+00
2.210024154677939223e-01,3.850930421302702078e-02,7.017093286862782220e-01,2.994458741126579948e+00
3.957671502707198474e-01,4.488828752353229284e-02,7.903148910253960935e-01,2.145996894431299928e+00
1.579593846038497840e-01,3.714785640874550959e-02,6.609692495315802052e-01,3.205081102249680125e+00
2.877353465604362559e-01,4.227854814464598876e-02,6.540159072689153419e-01,4.446679922679904529e+00
4.108832085444776294e-01,4.265330877329827353e-02,6.944563347049615976e-01,4.380945801981725118e+00
4.493376655979267054e-01,4.159026202348992118e-02,6.615516537546553000e-01,1.331025255552960029e+00
2.141426009345893944e-01,3.409571166714234908e-02,6.733762985888682717e-01,2.710315404525025063e+00
3.491223254481096161e-01,3.923254680530961075e-02,7.474141607342847937e-01,1.951688637398185211e+00
1.607631410930119298e-01,5.212792313146543538e-02,7.059208293550833790e-01,4.167959565750789963e+00
3.861738647081934261e-01,5.151176727668522332e-02,7.220394531206693056e-01,8.811420202441500038e-01
4.031929159904875659e-01,4.578537646699416819e-02,7.449762126523535866e-01,4.593565025739369645e+00
3.137866398755972952e-01,4.005171720164361904e-02,7.893610947085265561e-01,1.939937893536409996e+00
9.931516694611404461e-02,3.048295284571451991e-02,7.981994018126744583e-01,7.253234988963250807e-01
2.580316500773978117e-01,5.233844012983610017e-02,6.548751581418048584e-01,1.895108980187214964e+00
4.737485255684050212e-01,3.068454231495875914e-02,7.145263665727060731e-01,2.411469367209355230e+00
4.689173846810869573e-01,4.316798994389688116e-02,8.006576449407637464e-01,3.574921549672724908e+00
2.811537318008113795e-01,5.087442701681935131e-02,7.962458263439591288e-01,2.504296435590370073e+00
2.385951104050876570e-01,3.086959824830341065e-02,6.709060155777167855e-01,1.416262030380309955e+00
1.430201031812605716e-01,4.338922173925953418e-02,7.641601684068050071e-01,3.568808013615200281e+00
2.453479430106423331e-01,4.054739988050376498e-02,8.062112971807550155e-01,3.887407834366895187e+00
1.303685388097956532e-01,3.063067217038245929e-02,7.709565163598302018e-01,4.515919891847300249e+00
1.538557085348479236e-01,3.258925193646550894e-02,6.717624327092711622e-01,2.048944898925255220e+00
1.897775549161899722e-01,4.237791800325224623e-02,7.403414663516079131e-01,1.843124208915980056e+00
4.244439931635373697e-01,3.870953492796093409e-02,7.957574532381259669e-01,2.602182400159069875e+00
4.646861050751804889e-01,4.810639667727239360e-02,7.380757015891652451e-01,4.116118539653255581e+00
1.126772025560727475e-01,3.824439124171110510e-02,7.665470526220927727e-01,2.832696747623850264e+00
1.472522809167345903e-01,3.084810202149580044e-02,7.413218454536144586e-01,1.023792033970819970e+00
2.871076904524628715e-01,4.381225824726744933e-02,7.392727340714541073e-01,4.260899006016550139e+00
2.921999400872874464e-01,3.771079565712157078e-02,7.631879899372440157e-01,3.586657586775254813e+00
4.207467368252760798e-01,5.179928053831077406e-02,7.928450945168734609e-01,1.974984875919765015e+00
1.706889460610132581e-01,5.202165372481198230e-02,7.108345194821247270e-01,8.764407975995001099e-01
2.733715679253683750e-01,4.541967986697936083e-02,7.806738274356536111e-01,6.383287123055199075e-01
9.814236780236010316e-02,4.459457176291011654e-02,6.812774063837063743e-01,3.799642677709925032e+00
3.655146434885494511e-01,3.654381017097924067e-02,7.167151363981327794e-01,3.199035025583579994e+00
1.201529104029200462e-01,4.179137654377892974e-02,7.139326599122770567e-01,4.554033968581350678e+00
1.341901453208362571e-01,4.895983447094587326e-02,7.969854156341217299e-01,2.705602519460954980e+00
1.073744836067454800e-01,4.779656941937376891e-02,7.837872813785169424e-01,3.590674483191689692e+00
4.478338114950805582e-01,3.629337375098234952e-02,7.736755019610188633e-01,4.429089047836605175e+00
4.454685454058509020e-01,5.432300548684177582e-02,7.274773612737841511e-01,3.751509775507729572e+00
3.373355670845786247e-01,3.018531634158547888e-02,6.699457743932027975e-01,2.111164251398295111e+00
1.090031518379831893e-01,5.139020958213041945e-02,6.436093374569806791e-01,3.417859004028139580e+00
1.765734377876342909e-01,4.456226329583999612e-02,7.094346219571400214e-01,3.211142481218560274e+00
2.691766677426032373e-01,4.843992531848232558e-02,7.256760412745737465e-01,2.935450077378189970e+00
3.886891858054464244e-01,5.146891008010646973e-02,7.594372745860368257e-01,4.150664748593699827e+00
1.905127559006867810e-01,4.342966483634198155e-02,8.026643965839500572e-01,1.068336371679325048e+00
2.149411457194342345e-01,3.917404091206471567e-02,7.135291927090661179e-01,1.377192400279454887e+00
1.588579156138003323e-01,4.299837609307050057e-02,6.496028892233595142e-01,2.682950617531314919e+00
4.675617701426755257e-01,3.216850907560485362e-02,6.967182142761628727e-01,4.652404910712505171e+00
1.749688716177594805e-01,5.078455084394477292e-02,6.668805771886092693e-01,2.402975354215594717e+00
1.313065966091537251e-01,3.221242571976641600e-02,6.912196292360592853e-01,4.571870249090714822e+00
3.008164888925479730e-01,5.025526927762244411e-02,7.463436172289587001e-01,1.888736263066530086e+00
1.351692383454695390e-01,4.858842143504181477e-02,8.014404949394986488e-01,4.610567417955024894e+00
3.321387096109286174e-01,4.922912239204067786e-02,7.005110412703081657e-01,9.646904393192400340e-01
1.282862699516722771e-01,4.327390850277525181e-02,7.715844154069665395e-01,6.570463862922050202e-01
4.757255814202176469e-01,3.707178678192245280e-02,7.554617812717798753e-01,2.215260015118399650e+00
4.731075513920139919e-01,3.099790384663642442e-02,6.636228717825654044e-01,3.955116774148775161e+00
2.236551995762437461e-01,3.319807070815470468e-02,6.969897806481737401e-01,2.067555113038979986e+00
1.529793195222086677e-01,3.905299711846419580e-02,6.830503907109889417e-01,1.108703284852669890e+00
2.083168609195529541e-01,3.446555612683809000e-02,7.816422080465312838e-01,4.738006181041710008e+00
3.609179832743386052e-01,5.072502517879708822e-02,8.141958100590576120e-01,9.109727962524649669e-01
2.933761272555730493e-01,3.113173003851668966e-02,6.776831298424024208e-01,4.577623010310344909e-01
4.553611982004718284e-01,3.373476853038090417e-02,6.875003951969463900e-01,2.979338842281140098e-01
3.832153855435874168e-01,5.337996723452444192e-02,6.596682726616226455e-01,3.850800948590039630e-01
2.780603463203552006e-01,3.597636097444920078e-02,7.833749237786139519e-01,1.241665096369104937e+00
3.594817627281555183e-01,3.939533471702365286e-02,7.159823531202227365e-01,4.088416817977559958e+00
1.115089536543050763e-01,4.222689524505893882e-02,8.154010677631944315e-01,3.183902954473159852e+00
3.959905402935713359e-01,3.124716176655051303e-02,7.242869087433350117e-01,4.091390455230140333e+00
3.700607360613811792e-01,3.669551472147879884e-02,7.076003689001220121e-01,4.867059169989079725e-01
2.568012505792035549e-01,3.024005358561268272e-02,7.614444623403997525e-01,2.776988543509504748e+00
1.364370843080662254e-01,3.246646883337431233e-02,6.793864557225816059e-01,3.051867035033644981e+00
3.634785787503562182e-01,4.837399300752486669e-02,7.857840031113102475e-01,4.705670001592954677e+00
2.311698900057609085e-01,3.235811370408954446e-02,7.038371048706676403e-01,4.819893035914285306e+00
1.330228112341650948e-01,3.347052627051202989e-02,6.848795921838097822e-01,1.093136881403625082e+00
1.163140036761714652e-01,4.595883233228605785e-02,8.119870227731391665e-01,8.378943232377049632e-01
4.088868627824263635e-01,3.366944381205922571e-02,7.801968532481603491e-01,6.878150112531150606e-01
1.012141866607219054e-01,3.882032897859999387e-02,6.521371637823246692e-01,4.063640593292655367e+00
2.973419699022500362e-01,4.801271388779908278e-02,6.646482006176281931e-01,4.320463849394585165e-01
1.482924748304204898e-01,5.223678406230918003e-02,7.779501397239976246e-01,3.691292848763989554e-01
3.450432037670724816e-01,5.358416812486620218e-02,7.065030662375688664e-01,3.319061351628044942e+00
3.190433089833613067e-01,4.954744107535342945e-02,6.818806494921073602e-01,4.252877069071399951e+00
3.536097679561236995e-01,3.149196064906847892e-02,7.547792796224169765e-01,2.895665395620745208e+00
3.772196281057921818e-01,5.240462489299244075e-02,7.711053360936790391e-01,8.974904845119449082e-01
2.551222495468426499e-01,5.246603277556365075e-02,7.109818469977378097e-01,3.780955615313725371e+00
1.838763494638865348e-01,5.298368224385707759e-02,6.568454134757071294e-01,4.246741422519554554e+00
2.587127844457282055e-01,3.808037572627793327e-02,8.122626978944894605e-01,2.160821798285470052e+00
4.396371871120016706e-01,4.638930905738100630e-02,6.724417223291007106e-01,4.041313488325105396e+00
3.599782730794231500e-01,4.209102655458869802e-02,7.952599501433410545e-01,2.819798445398919995e-01
4.765043704119559242e-01,3.029190171569632467e-02,7.129222355126495492e-01,3.656495403656734755e+00
4.796243334210522624e-01,4.830818300283421657e-02,7.502559676082805051e-01,2.190752984369174872e+00
1.462283287965832623e-01,4.505137162805487872e-02,6.755834082860686651e-01,5.645583560015100533e-01
3.183999199654488632e-01,4.174938266072562854e-02,6.526967243374790506e-01,1.968515006147789848e+00
1.078506331419898101e-01,4.789354863515588034e-02,7.211015891956723545e-01,1.615977449708150049e+00
4.326121550424071316e-01,3.529150825302162370e-02,6.798163645386416931e-01,2.008841572545934984e+00
2.485508737082125774e-01,3.104320519724068986e-02,7.376752150806599184e-01,3.269522129255345022e-01
2.595695661973023149e-01,3.653049594702850039e-02,8.002847177139762458e-01,3.261136098066344857e+00
3.906249343445337141e-01,4.908139987619361544e-02,6.978621748768165656e-01,2.242451881633605204e+00
1.194127747483037516e-01,4.974075448117172560e-02,7.411389561899659473e-01,2.525888256810139954e+00
2.527999827582343428e-01,4.552358168403059652e-02,7.316269696615357310e-01,2.126956439777274888e+00
3.808587143259636321e-01,2.949250364692555804e-02,6.982991585629712006e-01,2.658357343815734630e+00
2.065371613972542819e-01,2.988861313742585679e-02,7.021750675942376452e-01,4.236482571135274933e-01
3.411353958772588846e-01,2.956528935033921057e-02,8.136437407204788475e-01,1.004366866222115018e+00
1.642904805401760315e-01,3.121080433344933583e-02,7.209002920634020040e-01,3.902908347479534967e+00
1.185935661664277163e-01,3.953571952089807162e-02,7.729513457514998187e-01,1.792099871025419899e+00
1.482535284875661219e-01,4.019553640451187931e-02,7.793049363711848088e-01,4.412698795688339892e+00
2.266738836842915050e-01,3.401829837079440449e-02,6.412412130725476667e-01,1.115277542485854978e+00
4.656416077149148625e-01,4.574337950922409413e-02,6.807225245804991998e-01,7.661848645750450881e-01
3.869837565553981840e-01,4.785001332515104178e-02,7.343012581346648471e-01,3.742811394347809628e+00
4.161046132090688854e-01,4.124495889144064176e-02,7.260768165097200022e-01,1.940199900898149865e+00
2.684797070033473898e-01,4.525210479492555726e-02,6.995324137613456728e-01,1.426468206106219938e+00
2.155534228505102956e-01,4.130591531001776007e-02,7.887245045931451370e-01,2.600874633132480018e-01
2.357221329954172495e-01,4.751760399607803109e-02,7.830069010588527334e-01,3.005091106493489761e+00
4.649134744370357897e-01,3.614822695792514057e-02,6.464913633182178820e-01,1.158004581460265081e+00
1.630564827771859016e-01,3.724927499810466031e-02,8.171285998945961859e-01,2.724247719156554837e+00
1.134094990545696097e-01,4.009728645383239809e-02,8.112962724759336108e-01,1.301699842803645035e+00
2.350133767583547362e-01,3.508957099336851293e-02,6.658029367501754336e-01,4.604397850842214979e+00
2.834060303606651399e-01,4.373686624102714193e-02,7.799870142946392360e-01,3.868965423861520314e+00
2.942204364503129277e-01,3.570424881766736530e-02,7.120156604073289985e-01,1.741590351683555138e+00
1.684663274798959554e-01,4.062655533166742439e-02,6.779458682509139633e-01,3.772088718723969780e+00
4.492484511781016376e-01,5.091878671046626281e-02,7.555918520604352207e-01,3.478146058861165013e+00
4.811904032575619605e-01,3.485870761536574020e-02,7.682586037130560985e-01,3.457449883171355154e+00
4.180177713570465969e-01,3.131734275143034651e-02,7.920229696276503972e-01,4.073925317865795037e+00
2.655926374264574452e-01,4.203413894116506122e-02,7.335122766670585381e-01,3.394300959887914804e+00
4.214558374141667563e-01,3.345357789013907179e-02,6.540534604834672416e-01,3.278514320815450134e+00
4.428718756530340417e-01,4.151201616327372668e-02,7.405732171386015805e-01,4.804533401934895309e+00
4.773466209973069030e-01,4.979257554746883974e-02,7.319000586904956807e-01,9.836180094163849974e-01
1.798645314804465101e-01,3.608397814314207724e-02,7.753970237197540527e-01,1.259352150990160180e+00
9.376173486026470605e-02,4.999970965050160032e-02,6.784782496917712846e-01,2.310658858178650021e+00
1.730309309299896681e-01,4.848235178279923507e-02,6.843878952829727247e-01,3.232233769481535290e+00
1.215160133929878289e-01,5.040431518514222609e-02,6.802368283823784223e-01,4.539383100126869408e+00
1.373997946736959797e-01,3.478016090976866759e-02,7.488997398789506432e-01,4.230513592893260011e+00
3.991312640211360230e-01,4.275981909448188512e-02,7.278763922546617193e-01,6.147399789886549559e-01
2.782508089537125695e-01,4.471785066587943835e-02,8.039703328213281264e-01,1.850870359844994928e+00
3.513979189997350483e-01,3.959174965095474397e-02,6.858647587726730555e-01,1.824653129044455202e+00
1.824664114673017479e-01,4.942428473113896770e-02,7.697698097731360267e-01,4.124408644631039955e+00
3.171357658219431386e-01,3.077511501492187496e-02,8.134843126032128557e-01,2.576764706051910103e+00
2.474525972861749412e-01,4.516429799635009179e-02,6.992850589304604458e-01,4.861198648740534978e+00
3.476553246890799476e-01,2.959479920233367214e-02,6.523700692359079012e-01,4.352769189642274661e+00
9.434419578416272656e-02,2.847242827476794205e-02,6.617806809813528979e-01,1.277405685107224853e+00
2.959684375466917761e-01,3.863216740818276040e-02,6.563119665718264439e-01,2.905325575021560081e+00
4.124412476512510084e-01,3.981702060686703043e-02,8.097393513542692212e-01,3.946085731361525184e+00
3.973976965534223305e-01,4.918137888885848463e-02,7.649149574266840279e-01,2.619838650706225014e+00
4.269148378131214505e-01,5.123112516839570252e-02,6.893947173318546451e-01,1.139222272019835058e+00
4.362359238751651325e-01,2.999224370288057495e-02,7.242264040250796509e-01,1.503563914005645152e+00
1.790028428362636370e-01,3.857456226223986151e-02,6.851095294941683678e-01,2.183684568966274941e+00
3.264337443604274913e-01,3.432349400881165580e-02,7.368607809131499931e-01,4.006975061495325008e+00
4.340889102433992397e-01,3.944860242646235082e-02,6.748788472674880357e-01,4.184431484155354819e-01
9.153491861461664214e-02,3.426972287886123625e-02,7.171883660425524276e-01,9.309411692828850615e-01
1.846336766774394067e-01,4.701809064830794749e-02,7.771922288180141969e-01,2.011490991550965113e+00
1.567417260199737150e-01,4.028016129579629206e-02,6.426544323589093999e-01,5.867666157893849377e-01
1.826751794816086072e-01,2.923621901459666148e-02,8.084837056617717455e-01,8.111175393918550192e-02
1.391454217343123800e-01,3.264540029752439898e-02,7.721572557211109356e-01,2.644921009887474916e+00
4.407016501473776104e-01,3.799370305511309831e-02,6.788343679470848491e-01,4.797261441575829899e+00
1.700932225025771349e-01,5.052986017683101100e-02,8.050800298305040847e-01,3.622959636484739843e+00
1.694094179859150229e-01,4.145873453587341217e-02,7.299200143996813495e-01,3.809369301390834739e+00
2.745736326432415275e-01,5.338209698352123361e-02,7.293379846953786938e-01,1.037052161272149942e+00
4.017817342145881265e-01,4.306146175358117889e-02,7.749013178502676125e-01,3.019054554905740151e+00
4.515330439407703733e-01,3.035101216484280273e-02,7.608115084171575004e-01,4.678554067334625088e+00
2.463593764555827570e-01,3.167285581161733560e-02,7.579159216653834630e-01,1.286503598184789876e+00
4.832540917248650536e-01,3.665661974267149514e-02,7.290150186257995379e-01,3.027073067608290202e+00
9.245409924480600672e-02,3.841662885169172537e-02,6.449242365291342205e-01,2.755858479805755046e+00
2.989981055602617954e-01,4.191036312530563301e-02,7.620135469319391230e-01,1.353181727863850048e+00
9.009054302179722584e-02,3.311047740563004965e-02,6.948677278772181776e-01,2.170412853867745184e+00
4.370027414852425962e-01,3.294648573508112549e-02,7.879478916732500782e-01,2.562465812771114848e+00
2.321571571916017651e-01,4.104559934739999971e-02,6.711200236781407202e-01,5.508464086614549560e-01
3.938315848243236772e-01,4.586465795741835605e-02,6.463158382267225610e-01,1.831162450888660143e+00
4.581344971798779753e-01,5.362141658245446474e-02,6.624080524373892054e-01,2.483203760231845081e+00
1.454512995103978135e-01,3.209388255292875552e-02,7.991000939375162426e-01,3.552363786236385046e+00
1.953653637917059094e-01,4.164784468577384380e-02,7.429892395640443903e-01,8.275891261710799363e-01
3.000157020778393413e-01,4.886663032229569825e-02,6.698155582673754882e-01,2.343478552848099916e+00
3.498342974318705556e-01,3.156156077860713949e-02,7.796635610074084122e-01,1.609076892861629915e+00
1.556048203760384274e-01,4.873465548938885061e-02,6.404139644493814787e-01,1.715256592743099828e+00
1.247479462371627323e-01,4.730740472127824281e-02,7.187083388716167809e-01,3.919891688856295131e-01
3.802724305083647338e-01,3.639567961760237225e-02,8.181718079117500375e-01,2.039921300315765240e+00
2.648022975431989501e-01,3.965586922096508982e-02,7.750247330856882000e-01,2.746816275813614983e+00
8.920918962666299357e-02,4.405078732631075022e-02,8.157905335017480164e-01,4.754446247972079931e+00
1.169528331524135323e-01,3.381198831580903980e-02,8.084026992835291470e-01,1.581595955097579997e+00
4.189405256842775871e-01,5.118529479468520577e-02,8.090341768937837630e-01,6.438551953528100225e-02
4.350941407512454173e-01,4.196073094199179176e-02,8.107578640269301751e-01,1.771446004428435028e+00
2.041630707908423659e-01,4.950048489644379157e-02,6.580752575958055406e-01,5.254443277954100600e-01
4.146307303864975591e-01,4.217823137010866252e-02,6.898068495643417952e-01,2.945346020450814617e+00
2.193433058484691167e-01,4.929933458851697148e-02,7.348585229772329752e-01,4.509805376441219593e+00
2.986607004349584038e-01,4.771759810276005043e-02,7.445567537614237175e-01,2.477435441827399998e-01
2.516301319654191682e-01,3.473529030958143193e-02,7.258072303055040919e-01,3.284328442388215308e+00
4.887695703563325611e-01,4.496241336419013607e-02,7.189182705907617432e-01,3.422350521939804935e+00
7.040437457970342983e-02,4.107747694219694018e-02,6.715563481099252607e-01,1.293563812088684983e+00
4.612423360467235445e-01,4.669357647693669899e-02,7.693083635846340584e-01,1.221692694651430156e+00
3.795584453553987880e-01,4.433422655214834529e-02,8.101110611539613648e-01,4.713568502697159879e+00
4.040337295305265197e-01,5.304376728534604402e-02,7.935770031554252313e-01,3.247625939552670093e+00
2.274556166969007032e-01,5.288944746135082475e-02,6.867730149495602232e-01,4.909530062456615163e+00
9.631574288735630929e-02,5.159574342901959709e-02,7.283795584949851465e-01,3.660391488617750433e+00
9.731453957488295226e-02,3.750849587344658176e-02,6.887513992516417494e-01,4.766722173786254402e+00
3.113162174351652434e-01,3.451821780501351800e-02,6.838193862804957668e-01,4.185662247920410195e+00
4.282610455708716346e-01,4.080515521789110367e-02,7.671640504614263278e-01,7.097093869955299894e-01
2.854092904299964095e-01,3.777960016867890070e-02,7.823311198082286699e-01,4.406962448582055103e+00
3.828319677368134388e-01,5.487435309231047942e-02,7.069985117907078287e-01,1.989183860791380098e+00
2.016658569034003035e-01,3.174226416799334066e-02,6.773298583635407599e-01,3.734408493298104759e+00
1.806905595097784145e-01,3.492856227671634756e-02,6.789389585452060283e-01,1.965972524741664840e-01
1.236080021316233180e-01,5.108066476180917609e-02,8.001840839721169329e-01,1.804540495660620136e+00
3.434539506106915607e-01,3.096386279021622057e-02,7.739266384010110578e-01,4.625067905802279888e+00
4.229989875495434593e-01,5.276412311251321707e-02,7.576945127574354899e-01,1.706495475317350019e+00
8.704216597584543691e-02,3.538426311268098173e-02,7.701561307788639121e-01,4.966165787314530178e+00
3.632573767980139534e-01,4.710213394851285595e-02,7.051077435996755405e-01,5.413654633564850271e-02
4.139777723542459875e-01,5.095153209315332610e-02,6.840519985970482386e-01,4.548110259596724880e+00
8.428376691604966275e-02,4.284457813645432128e-02,7.531513595876749845e-01,2.736239871582950123e+00
2.330218808187171364e-01,5.437818631542985781e-02,7.496480898623074651e-01,2.075695225871169836e+00
3.745344882526994712e-01,4.712827615444549478e-02,6.460724658167362744e-01,2.079295251634905028e-01
1.524794363245738360e-01,4.397558198927016548e-02,8.168958480207808570e-01,2.270956113950814981e+00
1.941673230340612566e-01,3.556219185950282302e-02,6.429669075296818859e-01,2.442158704998434793e+00
2.088176813369059803e-01,3.414901145004665961e-02,7.828021741126571786e-01,7.708260020008300684e-02
8.807471216506325418e-02,3.517732377044811148e-02,7.344276787050720845e-01,3.348672804608940012e+00
4.197830630414652320e-01,2.800087817277899238e-02,7.085685954348557303e-01,1.681074204226025159e-01
1.923160741662747197e-01,4.633901507164119027e-02,7.657908648077492719e-01,3.752380544785399730e-02
1.742122008198732086e-01,3.736305040652909693e-02,7.322557740823738559e-01,2.354075585557149797e+00
3.103575725934096252e-01,3.544214504623693224e-02,6.925517065378931081e-01,2.851542483437805142e+00
3.504133525213923850e-01,5.050346844195109652e-02,8.186498713548854278e-01,2.468768075576520005e+00
2.900844861454657253e-01,2.932865082874661425e-02,6.409384037545975410e-01,1.753583384088704955e+00
2.252644087118284011e-01,4.997487386119039976e-02,7.851855285682064478e-01,9.768421688559449922e-01
2.097036009799597700e-01,5.472034902992983785e-02,7.423952674121130357e-01,3.643015014755075054e+00
3.569742057057468387e-01,3.485108916581655669e-02,7.482935627195426154e-01,8.135829934570949495e-01
9.874423798217905890e-02,5.387663338129503043e-02,7.786210390761867384e-01,4.294550131694415462e+00
4.894917028747453047e-01,3.195210655920533577e-02,6.805226513501815289e-01,1.463065584353170134e+00
3.558644343667011767e-01,4.040225573420849758e-02,6.737736111505143732e-01,4.037044853630940011e+00
2.716866223267094815e-01,5.116527143730269234e-02,7.082283411061855993e-01,1.998080475307070003e+00
2.337777745050751976e-01,4.560589959786134212e-02,8.057426871401257573e-01,4.915136684603059969e+00
2.945027477666268267e-01,3.936056276794243358e-02,7.099312430101726301e-01,8.439698047470299835e-01
4.445575204594434116e-01,2.851897932629846033e-02,8.054076904007885229e-01,5.100237390957750305e-01
3.921263115626432150e-01,3.555781372016668385e-02,7.175361170062795058e-01,4.921699469969610163e+00
4.564487233921095677e-01,3.899510045111924395e-02,6.514697674097772451e-01,3.856908481258434662e+00
4.599426961940760172e-01,5.372057637684604647e-02,6.423452293499466448e-01,4.334923092275850404e-02
2.824543593162160970e-01,4.025446586703695928e-02,8.075695488709768721e-01,1.044162783997599986e+00
3.088402246089746450e-01,4.621910311523033665e-02,7.651597806343063413e-01,2.430605747362135194e+00
8.015599521440917863e-02,2.836967339265439661e-02,6.938674573033583037e-01,4.019048681871499440e+00
2.376335254994917934e-01,4.446522984520067528e-02,6.629611273085511680e-01,3.119481278269085056e+00
3.381581739349757143e-01,5.465229718714253310e-02,6.683921563657558851e-01,4.953758943525610192e+00
3.119209069847641569e-01,2.895033096195664263e-02,7.266683323783706960e-01,3.527590568757150269e+00
4.121213685225088574e-01,2.805940989438909794e-02,6.880740798647049239e-01,4.202550597996450144e+00
1.810386034905583919e-01,4.644107336708344635e-02,6.919905963451974396e-01,2.137790821511300177e+00
1.866002258114283219e-01,2.971972273222031266e-02,7.978986424216628626e-01,4.725280516075435422e+00
4.871216303532848180e-01,4.743451085734834427e-02,6.574262932523805558e-01,2.695523888436144766e+00
2.383478133675549226e-01,5.456987601254367770e-02,7.916019306285307922e-01,3.400348964114674910e+00
3.780360744801910533e-01,4.255392782779782168e-02,7.313781714644096432e-01,3.176709177952725227e+00
2.197972152319223049e-01,3.159855094559025496e-02,7.937914563245139776e-01,2.327912518416995091e+00
7.361662041467613438e-02,4.676127418324212137e-02,7.054596737636438242e-01,3.087804169796874998e+00
1.621650328877521086e-01,4.718555968436227016e-02,6.456026497774850492e-01,3.975361254303714897e+00
4.718752691282379064e-01,4.546480554608627045e-02,6.984588321230653651e-01,1.906635591571685051e+00
3.713782427603193326e-01,4.647476356858712410e-02,7.164060667686350525e-01,4.938058061269109622e+00
8.119532990906855319e-02,2.887042855023732452e-02,7.663399075474589539e-01,3.670932745125610186e+00
2.014067970012545783e-01,2.903364452170208165e-02,6.651806180288363235e-01,2.456409562893675069e+00
1.216596975726167568e-01,5.441461137848255247e-02,6.835042636842653119e-01,3.697464690289924860e+00
3.897870953603042588e-01,3.460808743762736756e-02,7.149669251989014818e-01,2.101298540825955019e+00
7.623890414739960264e-02,3.760974593809619793e-02,8.069969215062074985e-01,4.051703053833914936e+00
3.736522718983610880e-01,3.465066536770387839e-02,6.692415249385964549e-01,6.978888143296348989e-01
8.211805675313341157e-02,4.087268058645444901e-02,7.457764623385295666e-01,3.019009627820924968e-01
3.643749206411698305e-01,3.527481139690800960e-02,6.481986733178048965e-01,2.372875147564335041e+00
4.968726877185423163e-01,3.142596722731041958e-02,7.534310308656003707e-01,1.912028432576915016e+00
3.200045121033164852e-01,4.793828352568392515e-02,6.997954750675894342e-01,3.324911915590054612e+00
8.113469455227255434e-02,5.268280856982433119e-02,7.529848020249046980e-01,1.518245721727145003e+00
2.130215733634912290e-01,4.252435689477530173e-02,7.491347382099367014e-01,4.858553829786835365e+00
4.959412907744245591e-01,2.942232138773659411e-02,7.813761657938734784e-01,3.369196330260019856e+00
3.753583161764358356e-01,5.137083683653780042e-02,6.559463233381696012e-01,3.227775477787945491e+00
2.127369512019724740e-01,5.450516523008933079e-02,6.759494575798511429e-01,1.406425939158070015e+00
4.054533858015433312e-01,3.777334545582345521e-02,7.760153391339164042e-01,1.764183231384960138e+00
3.145245646287825325e-01,5.311175143074105265e-02,7.848346872864664370e-01,1.652152067704589999e+00
8.614001989442854335e-02,3.368363433172462396e-02,7.512799794340412340e-01,1.648054437846875109e+00
4.053137412811165241e-01,5.243091204389931093e-02,7.467614428896270917e-01,1.327879848983140043e-01
1.672052396814290853e-01,4.428571818803483939e-02,7.976150871516112240e-01,3.713756078504955038e+00
3.764636638866828422e-01,5.406174218690116412e-02,7.810794996362925291e-01,4.784969362320844688e+00
3.879064283768646204e-01,3.621192510616175197e-02,7.725533187875058827e-01,3.489827889495065172e+00
1.614213689588567813e-01,2.918706902268947828e-02,7.745351570835430355e-01,1.085749519418460096e+00
3.164907772891641935e-01,4.883814062991318622e-02,7.563333265552857343e-01,3.988426037062890117e+00
1.107732029972737647e-01,4.946633840754627309e-02,6.853634027526993577e-01,1.142350191269070114e+00
1.573301519468894016e-01,2.898059279553918260e-02,7.009397815924883757e-01,1.430379360951484990e+00
8.773335331032985906e-02,2.991342345229769384e-02,6.659835802824423112e-01,1.235999499168245058e-01
3.391808490479223948e-01,5.421084707042619910e-02,7.036607172661647480e-01,5.397852808074100617e-01
2.915916246727900951e-01,5.370143164060311308e-02,6.469791622610856496e-01,9.757037106901400580e-02
3.925041910405782652e-01,2.830411370449979064e-02,6.590594297012779545e-01,1.473794344896449893e+00
4.919767335445947021e-01,4.415411232184525414e-02,8.103712071635387204e-01,4.611886511184275506e-01
3.463703853196231641e-01,3.590578331928327011e-02,8.033897165959981157e-01,2.723887335392645159e-01
4.993884334656036872e-01,5.392353781112654842e-02,7.642092155032231826e-01,2.661805868742519898e+00
2.820836675571604113e-01,2.882131860529910800e-02,7.066639607992210026e-01,2.300931235374885198e+00
3.546640674615418320e-01,3.721048557728948158e-02,8.153130315530858763e-01,4.829752283906564969e+00
7.150312762517944953e-02,4.490443949643662530e-02,7.862562867305521452e-01,1.576156633477659996e+00
1.300131480129295691e-01,4.091259935510949824e-02,6.960728644766844830e-01,5.322968824766500726e-03
4.870227582481411743e-01,3.599869861259265280e-02,7.415570417400076941e-01,4.314599794326349880e+00
3.247682662602559001e-01,2.908334374834643798e-02,7.692198095134740177e-01,3.410840610391460137e-01
4.522541435018134770e-01,4.533989380316297280e-02,7.734650665618293397e-01,4.132660431882830387e+00
1.668875976521802251e-01,4.664018224254809497e-02,7.025765171900392181e-01,4.213961242092775450e+00
8.293144679240885275e-02,2.820316240075230671e-02,6.620792536556162622e-01,2.812914995157624887e+00
3.659680503558601083e-01,4.402632828273064791e-02,6.749743564560730658e-01,1.058525095235089974e+00
2.180671976858236938e-01,3.972216491972470342e-02,6.419387774715479278e-01,3.964128395661244753e+00
1.874740324012098003e-01,3.710467336296105478e-02,7.676375699046161794e-01,3.465094802356325054e+00
1.993742436141335006e-01,4.857247267513955385e-02,7.396934024602825897e-01,1.391323030136990102e+00
1.267716525757314749e-01,5.491928841994284105e-02,6.451232570891455298e-01,2.363819293957205137e+00
2.633044639184978220e-01,2.859316083684144624e-02,6.763825591002964321e-01,4.680179492409805242e+00
2.445350934939925780e-01,3.192786065375199239e-02,7.453884534808621343e-01,4.455573872069365393e+00
1.148322092490875190e-01,5.482967934043193881e-02,8.080211995908338496e-01,7.773769406578500130e-01
3.046158894888683077e-01,5.195040008682852428e-02,8.165792943455093544e-01,1.722038566903209833e-01
4.901991050307963338e-01,5.103559781094688108e-02,6.486567523114010747e-01,1.440699852406980064e+00
3.674394411155301743e-01,4.260257386705977589e-02,6.473636092244741125e-01,2.967346298391930315e+00
1.028147965688025745e-01,2.821640569437714255e-02,8.017192168465255842e-01,2.267600286670495180e+00
3.851357369012710641e-01,4.700588256694422651e-02,7.339190781071129877e-01,1.452916014592630090e+00
4.288610090404842423e-01,5.065647898143156580e-02,7.131022032284084489e-01,3.132053528525864827e+00
1.882412603679670671e-01,3.504190498420874794e-02,7.275947092504891911e-01,7.506186271505449481e-01
2.660955269078352226e-01,3.580762771953036050e-02,6.743868261040933954e-01,1.524218816366045059e+00
4.616898297440821253e-01,4.689265868516266644e-02,8.035718270798399843e-01,2.676035325611009874e+00
4.314387954150650795e-01,3.519534983629780261e-02,6.957011192010063017e-01,3.502830064448064995e+00
1.978160365377691077e-01,4.617100966562097397e-02,7.439598137071635753e-01,3.106272695756049806e+00
2.239910880676843352e-01,4.382933021977077764e-02,6.492646130109299696e-01,1.534285676849540092e+00
3.524578500677131299e-01,4.592151677048021685e-02,7.933324744933285544e-01,1.211845490017440019e+00
4.859231676513982023e-01,4.507286220049765146e-02,7.440597643493954694e-01,2.340259698359295204e-01
1.060425107708945769e-01,5.473434849614044334e-02,7.302365625328384180e-01,4.746215270627289762e+00
3.419375633278580739e-01,3.620675583224883948e-02,6.517699825088307808e-01,4.941705379814375299e+00
1.513050555729122393e-01,5.497518509099445783e-02,7.229735448033363099e-01,2.098302353639149714e-02
1.020113455999782232e-01,5.290827665010746500e-02,7.721023863533325038e-01,2.888171485594939636e+00
1.142101841862687706e-01,3.788838799536273227e-02,6.911073357743677814e-01,3.060708839709405105e+00
4.982128952366345342e-01,4.212762483667769481e-02,6.477336961763165979e-01,3.553978012385780039e-01
4.990411702744571021e-01,5.412410296759288808e-02,7.144502815694826481e-01,1.812222379338924938e+00
9.547564762799071181e-02,4.318375824851913847e-02,6.546908038089052084e-01,4.972263938835819630e+00
4.824145836455328573e-01,3.659096497875265197e-02,8.114816414700634084e-01,3.049011844391935178e+00
3.028950908441376821e-01,3.501786596474096985e-02,7.551584953853860416e-01,2.227681415122934716e+00
2.561983135879924989e-01,5.352054469813639914e-02,6.740858310275431586e-01,3.149475943089929952e+00
4.715347802531253962e-01,2.926329979251045613e-02,7.518236605126130678e-01,5.037752430187549813e-01
4.166980389669676099e-01,4.662032320308591438e-02,6.401312034194730494e-01,4.482469925396144639e+00
2.421953216251030716e-01,3.907819509151297388e-02,7.027150061567314365e-01,4.226951263961379546e+00
4.066055017535666338e-01,2.866268175196368465e-02,8.147844011584017831e-01,2.095597187196835076e+00
1.001042621632199647e-01,3.697484635550946780e-02,7.923289494153950008e-01,4.921475177700629922e-01
4.746929474224290124e-01,5.330544533086195580e-02,7.428508812547102158e-01,4.649850250203160229e+00
4.844481839549679703e-01,2.879957312385877585e-02,6.641902487932611621e-01,2.821806105785070073e+00
2.414263641505362545e-01,4.819646185670327376e-02,6.975853431881126054e-01,3.773952879873104793e-01
2.025562517299922261e-01,4.120836791765038198e-02,7.818452926242630552e-01,1.782819779373240099e+00
3.278203184834214690e-01,4.938089865034632486e-02,8.126855357633531174e-01,3.836744391312825186e+00
3.732037984725321556e-01,2.814581800595996816e-02,7.308271761699113300e-01,4.988345178947785286e+00
7.295703157635405334e-02,4.905885301744892374e-02,8.198515791366993710e-01,3.879017665521240055e+00
7.879426787439733348e-02,4.362414051434630735e-02,6.443578406253177571e-01,2.118127054232174789e-01
2.508775940538477967e-01,2.838413763575209359e-02,6.435884804444480523e-01,4.755832371371799816e-01
4.909199585358565154e-01,3.985709702780517588e-02,8.144971464270074346e-01,4.846278138326015394e+00
4.953865335157930927e-01,4.286891709449841548e-02,6.940441425935830466e-01,4.390203826902435047e+00
1.102373505615768939e-01,3.262821864176215086e-02,7.247025963787362413e-01,4.998974928015375241e+00
1.968067194982617008e-01,4.555305789479986711e-02,8.160836059304140688e-01,1.515368143818340008e-01
4.702476529595304711e-01,3.747861682662555205e-02,7.124676840146724199e-01,9.050786114949750383e-01
1.853506123138405348e-01,3.795567659328318716e-02,8.093658598388173697e-01,4.877396861838644959e+00
3.096700864990430402e-01,5.379137945312632840e-02,7.179540335215814917e-01,4.696570222105364678e+00
1.064505926113622492e-01,4.182497375411026869e-02,7.158542320820223681e-01,1.540130424157249989e+00
3.339046839238934417e-01,4.113764109528159074e-02,8.066401602841541951e-01,2.762443673117084941e+00
7.243546348119621336e-02,3.741923925663111911e-02,7.996253226303402517e-01,2.595004153330809693e+00
2.765029274911528501e-01,5.415011848238761999e-02,7.597968132860678514e-01,1.029536806326360049e-01
4.947708684917399569e-01,3.932900095289013770e-02,6.553864132243767404e-01,2.084921776687259865e+00
8.530702221664601681e-02,4.598492420289524568e-02,6.510425854784436250e-01,2.864417759706264555e+00
3.298635457444051289e-01,3.058485215247981268e-02,7.097602485185581234e-01,8.669884597207400123e-01
2.860485221602347972e-01,3.116615266416827845e-02,7.987378776381817147e-01,3.601008326434529838e+00
3.059271543902297719e-01,3.049908467734558509e-02,6.593946103004273418e-01,3.307004615664479896e+00
2.220688743927514697e-01,5.306811035626009948e-02,7.844379478255473215e-01,4.882324736756275207e+00
4.849772597637260763e-01,4.244880155148591377e-02,7.485963858777751057e-01,2.495369708926884922e+00
3.018309807756729413e-01,4.073391529984678877e-02,6.415605588357057298e-01,1.101022390602155038e-01
3.435105517742828019e-01,5.257229258030279850e-02,6.507825782237295353e-01,1.666731500900350049e+00
3.323529460102133126e-01,5.402738636085205326e-02,7.507085069960356405e-01,2.787744210357780084e+00
1.446814662888599168e-01,5.347657629110431216e-02,7.115601957062818173e-01,2.258744227979329722e+00
2.626263841842997326e-01,4.727124521582760919e-02,6.586541476106737569e-01,4.663000654301139747e+00
1.649254505533165882e-01,3.040368181186960811e-02,7.289047856034618356e-01,2.795798929871525118e+00
3.133227492359186850e-01,4.067900422403264438e-02,7.539239491242263336e-01,1.811110218171960162e-01
3.543754454516154784e-01,4.049541418289532430e-02,7.521785716465487770e-01,4.631200605975465123e+00
2.431226046332858604e-01,3.138686929671467840e-02,8.189218008481244926e-01,1.075242384157609976e+00
4.223165351279686841e-01,2.863130592301534744e-02,7.389224861751495510e-01,3.077770755568054906e+00
4.696309991409953755e-01,5.218008569733100649e-02,7.948411812529433407e-01,1.177069271174260079e+00
7.572734853221106677e-02,4.875136788504803864e-02,7.620543167623505809e-01,2.267403902322984721e-01
1.260577280507238496e-01,3.438840751908159993e-02,6.504221251702122508e-01,1.328331701972055079e+00
9.101789399512580370e-02,4.439766384205080796e-02,7.511400930538029153e-01,4.344602054003624758e+00
7.500419680211695139e-02,5.428959050226211946e-02,6.485107452290971297e-01,4.778726346376350520e+00
4.780169951537251993e-01,5.128294381191629558e-02,8.128724235787055941e-01,4.520291679555085373e+00
2.907196446392033562e-01,4.234745535682559597e-02,7.032244881937839143e-01,2.387178941627499995e+00
4.809695872621425061e-01,3.584458420002601536e-02,8.047057979709654196e-01,9.442542870692000045e-01
7.834804932306521641e-02,2.875316165226418641e-02,8.183918305288534478e-01,4.194174396535379934e+00
4.928095217458063892e-01,3.283456124566822704e-02,6.443007074533496636e-01,4.833073747209274629e+00
4.630848519032262911e-01,5.185412610031058661e-02,6.928542259816359294e-01,1.024249611189550005e-02
7.698732889473905439e-02,2.973364812403637980e-02,7.461786401197126883e-01,2.590389198786580138e-01
4.398594920346557968e-01,2.978222858402971088e-02,8.193962420464400154e-01,4.898415701757184770e+00
4.938644468502235707e-01,5.454440102988294958e-02,6.690306643775104645e-01,3.931017665860709887e+00
1.251252304950544736e-01,5.382106948016443515e-02,6.535207060112059319e-01,1.400475951982660117e-01
1.047533396666310845e-01,3.336238761490723653e-02,6.530283833423722317e-01,4.372764702111014756e+00
4.785615874086739940e-01,3.071693889817734766e-02,6.497554696876649549e-01,3.358622710965575298e-01
2.114222789098137156e-01,4.988681202543714110e-02,8.175865513349882541e-01,2.295983142571059954e+00
